id,type,login,repo_id,repo_name,created_at,public
23487963576,WatchEvent,evilgaoshu,6296790,spring-projects/spring-boot,2022-08-17T15:52:40Z,True
23487963624,CreateEvent,gurram47,525860969,gurram47/AP20110010620-CS306-L,2022-08-17T15:52:40Z,True
23487963529,PushEvent,afbeltranr,350706029,afbeltranr/Agrilab2,2022-08-17T15:52:40Z,True
23487963558,IssueCommentEvent,karla-vm,226399669,CMSgov/cms-carts-seds,2022-08-17T15:52:40Z,True
23487963581,PullRequestEvent,hsluoyz,521980272,casdoor/casdoor-chrome-extension,2022-08-17T15:52:40Z,True
23487963532,PushEvent,mnw1020,438998478,mnw1020/obsidian,2022-08-17T15:52:40Z,True
23487963524,PushEvent,ikjo93,525362201,ikjo93/Data-Structure,2022-08-17T15:52:40Z,True
23487963526,PushEvent,Gabe616,500139646,Gabe616/ObbyCreatorMusicList,2022-08-17T15:52:40Z,True
23487963492,PushEvent,BadProfessor,268298723,BadProfessor/INL,2022-08-17T15:52:40Z,True
23487963504,DeleteEvent,allanrg4,399546191,ALMA-FUNDEGUA/vacunasgt,2022-08-17T15:52:40Z,True
23487963536,PullRequestReviewEvent,QGarchery,512700417,morpho-dao/morpho-utils,2022-08-17T15:52:40Z,True
23487963495,CreateEvent,Diyouf,525860287,Diyouf/newpage.github.io,2022-08-17T15:52:40Z,True
23487963522,PushEvent,tiltingpenguin,522510250,tiltingpenguin/uyuni,2022-08-17T15:52:40Z,True
23487963444,PushEvent,igrek-ovs,525859727,igrek-ovs/igrek-ovs.github.io,2022-08-17T15:52:40Z,True
23487963462,PullRequestEvent,cchanmi,509700187,TeamDearToday/Deartoday-iOS,2022-08-17T15:52:40Z,True
23487963480,IssuesEvent,mvashishtha,138224079,modin-project/modin,2022-08-17T15:52:40Z,True
23487963457,PushEvent,na4zagin3,495043847,na4zagin3/satyrographos-repo-alpha,2022-08-17T15:52:40Z,True
23487963413,PushEvent,xsidc,525476229,xsidc/monmiao,2022-08-17T15:52:40Z,True
23487963429,PushEvent,kkukelka,435120097,kkukelka/nft-gallery,2022-08-17T15:52:40Z,True
23487963448,PushEvent,Sidalvik,484665561,Sidalvik/005-Sidalvik-FrontEnd-Cargo-project,2022-08-17T15:52:40Z,True
23487963440,PushEvent,qJkee,483328134,qJkee/cluster-config-operator,2022-08-17T15:52:40Z,True
23487963411,IssueCommentEvent,mvashishtha,138224079,modin-project/modin,2022-08-17T15:52:40Z,True
23487963456,IssueCommentEvent,mergify[bot],399070715,majacQ/juicefs,2022-08-17T15:52:40Z,True
23487963426,WatchEvent,exqlnet,45356931,bwmarrin/discordgo,2022-08-17T15:52:40Z,True
23487963471,PullRequestEvent,lindseyburnett,176802984,RedHatInsights/rhsm-subscriptions,2022-08-17T15:52:40Z,True
23487963425,CreateEvent,wwwuuid2com28,525860966,wwwuuid2com28/22_11948,2022-08-17T15:52:40Z,True
23487963368,PushEvent,signcla-test-unsigned,409344435,google-test2/signclav2-probe-repo,2022-08-17T15:52:40Z,True
23487963384,PushEvent,LombiqBot,86929735,Lombiq/Orchard,2022-08-17T15:52:40Z,True
23487963376,PushEvent,HARPHUNA,525552996,HARPHUNA/grpc-SwiftPM,2022-08-17T15:52:40Z,True
23487963366,PushEvent,khurtwilliams,288543809,khurtwilliams/microblog,2022-08-17T15:52:40Z,True
23488014775,PushEvent,simonkernel,520238237,kernel-community/goerli,2022-08-17T15:55:05Z,True
23488014835,PushEvent,moppspace,183910394,moppspace/moppspace.github.io,2022-08-17T15:55:05Z,True
23488014776,PushEvent,kenorb,525809133,FX31337/FX31337-wasm,2022-08-17T15:55:05Z,True
23488014811,PushEvent,scriptzteam,494995936,scriptzteam/badIPS,2022-08-17T15:55:05Z,True
23488014823,PublicEvent,Rayato159,463636623,Rayato159/eyepacs-front,2022-08-17T15:55:05Z,True
23488014790,CreateEvent,wwwuuid2com28,525861687,wwwuuid2com28/57_11953,2022-08-17T15:55:05Z,True
23488014819,WatchEvent,masx200,81810486,antvis/G6,2022-08-17T15:55:05Z,True
23488014824,DeleteEvent,delete-merged-branch[bot],317845893,portefaix/portefaix-hub,2022-08-17T15:55:05Z,True
23488014774,CreateEvent,hughmum,525861731,hughmum/Java,2022-08-17T15:55:05Z,True
23488014739,IssueCommentEvent,VSCodeTriageBot,177839194,microsoft/vscode-remote-release,2022-08-17T15:55:05Z,True
23488014693,PushEvent,Chris28-bui,525009005,Chris28-bui/Crown-clothing,2022-08-17T15:55:05Z,True
23488014738,PushEvent,ewquon,438699285,ewquon/SSRS,2022-08-17T15:55:05Z,True
23488014721,PushEvent,pascal65536,484628799,pascal65536/kompoblog,2022-08-17T15:55:05Z,True
23488014712,PushEvent,kenobiwins,521245400,kenobiwins/team-project,2022-08-17T15:55:05Z,True
23488014704,PushEvent,BatmKey,443946633,BatmKey/douyin-api,2022-08-17T15:55:05Z,True
23488014702,PushEvent,AmishAlvi,511161013,AmishAlvi/CowChef,2022-08-17T15:55:05Z,True
23488014728,PushEvent,GayathriBS25,504768904,GayathriBS25/Case-Studies,2022-08-17T15:55:05Z,True
23488014709,PushEvent,jonathanbratt,371501013,macmillancontentscience/torchtransformers,2022-08-17T15:55:05Z,True
23488014769,CreateEvent,MrCarpi,525861732,MrCarpi/Expanding-Cards-Css,2022-08-17T15:55:05Z,True
23488014740,PushEvent,xsidc,525476229,xsidc/monmiao,2022-08-17T15:55:05Z,True
23488014725,IssueCommentEvent,shanemcd,91594105,ansible/awx,2022-08-17T15:55:05Z,True
23488014708,IssuesEvent,VortexFeedback,67433627,Nexus-Mods/Vortex,2022-08-17T15:55:05Z,True
23488014752,PullRequestReviewEvent,nizamial09,2310495,ceph/ceph,2022-08-17T15:55:05Z,True
23488014635,PushEvent,SmallPigPeppa,506631492,SmallPigPeppa/cassle,2022-08-17T15:55:05Z,True
23488014633,PushEvent,github-actions[bot],371422187,MiaoMiaoYoung/MiaoMiaoYoung.github.io,2022-08-17T15:55:05Z,True
23488014680,PullRequestReviewCommentEvent,ThatSpaceGuy,50386243,18F/identity-idp,2022-08-17T15:54:51Z,True
23488014638,PullRequestReviewEvent,ThatSpaceGuy,50386243,18F/identity-idp,2022-08-17T15:55:05Z,True
23488014647,PushEvent,baileys-li,518935066,htmlacademy-adaptive/1719055-sedona-26,2022-08-17T15:55:05Z,True
23488014662,PushEvent,nancyscip,523548128,nancyscip/Back-Portfolio,2022-08-17T15:55:05Z,True
23488014629,PushEvent,vpnsuperapp,250208038,vpnsuperapp/fast,2022-08-17T15:55:05Z,True
23487929637,IssueCommentEvent,sukhada,75340147,350org/ak_intl_v3,2022-08-17T15:51:05Z,True
23487929676,PushEvent,yousabu,525526680,yousabu/ansible_rhce,2022-08-17T15:51:05Z,True
23487929674,PushEvent,MathisGD,512700417,morpho-dao/morpho-utils,2022-08-17T15:51:05Z,True
23487929661,PushEvent,BR-Junior,525851446,BR-Junior/crud-com-vue-e-quasar,2022-08-17T15:51:05Z,True
23487929682,PushEvent,predictcrypto,505029866,predictcrypto/pins,2022-08-17T15:51:05Z,True
23487929673,PushEvent,kazukimikami,525845306,kazukimikami/reservation,2022-08-17T15:51:05Z,True
23487929588,PushEvent,allcontributors[bot],274724694,dendronhq/dendron,2022-08-17T15:51:05Z,True
23487929636,CreateEvent,github-actions[bot],523780252,tiller1010/silverstripe-spam-module,2022-08-17T15:51:05Z,True
23487929580,IssuesEvent,sozysozbot,524701461,sozysozbot/mikanos,2022-08-17T15:51:05Z,True
23487929591,PushEvent,moiify,164541747,moiify/AutoGreen,2022-08-17T15:51:05Z,True
23487929533,PushEvent,Callithrix-omics,524655561,Callithrix-omics/Callithrix-omics.github.io,2022-08-17T15:51:05Z,True
23487929573,PushEvent,datho7561,264221410,datho7561/quarkus-ls,2022-08-17T15:51:05Z,True
23487929349,PushEvent,ofzlo,472789273,Sooktoring/Sooktoring-Android,2022-08-17T15:51:04Z,True
23487929578,PushEvent,edwardzuniga,487950724,edwardzuniga/holbertonschool-higher_level_programming,2022-08-17T15:51:05Z,True
23487929597,IssueCommentEvent,0xcadams,432870871,livepeer/explorer,2022-08-17T15:51:05Z,True
23487929522,ReleaseEvent,github-actions[bot],523780252,tiller1010/silverstripe-spam-module,2022-08-17T15:51:05Z,True
23487929560,PushEvent,Mahalderk,525845966,Mahalderk/CV,2022-08-17T15:51:05Z,True
23487929536,PushEvent,markbush,522475355,markbush/Smalltalk-80-CompilerLib,2022-08-17T15:51:05Z,True
23487929501,DeleteEvent,balena-ci,280075452,product-os/jellyfish-worker,2022-08-17T15:51:05Z,True
23487929523,PushEvent,chengzhong001,524300625,chengzhong001/cpp-examples,2022-08-17T15:51:05Z,True
23487929494,PushEvent,pull[bot],502695999,kybru91/vscode-languageserver-node,2022-08-17T15:51:05Z,True
23487929532,PushEvent,fathozt,381424857,fathozt/MyProject,2022-08-17T15:51:05Z,True
23487929508,CreateEvent,ibrahimalangri,525860418,ibrahimalangri/KUn,2022-08-17T15:51:05Z,True
23487929447,PushEvent,InonAngel98,507821009,web-application-app/gigosRate,2022-08-17T15:51:05Z,True
23487929496,DeleteEvent,DmytroKova,525800293,DmytroKova/TUTORIAL,2022-08-17T15:51:05Z,True
23487929420,PushEvent,brianway,55965971,brianway/algorithms-learning,2022-08-17T15:51:05Z,True
23487929439,PushEvent,github-actions[bot],266811533,wizche/lema-observatory,2022-08-17T15:51:05Z,True
23487929452,PushEvent,adamsorbie,406699027,adamsorbie/Stroke_Microbiota_reproducibility,2022-08-17T15:51:05Z,True
23487929428,IssuesEvent,justbecoder,501154542,justbecoder/react-router-middleware-plus,2022-08-17T15:51:05Z,True
23487929425,IssueCommentEvent,dislbenn,239809522,stolostron/search-e2e-test,2022-08-17T15:51:05Z,True
23487985360,PushEvent,emineliyev,523499555,emineliyev/mtv_project,2022-08-17T15:53:42Z,True
23487985346,PullRequestReviewCommentEvent,by-d-sign,47574295,cncf/toc,2022-08-17T15:50:35Z,True
23487985321,PullRequestReviewEvent,by-d-sign,47574295,cncf/toc,2022-08-17T15:53:42Z,True
23487985350,PullRequestReviewEvent,ausmoons,518116339,Hatthatteryhathat/LearningStuff-codelex,2022-08-17T15:53:42Z,True
23487985373,PullRequestReviewCommentEvent,ausmoons,518116339,Hatthatteryhathat/LearningStuff-codelex,2022-08-17T15:24:44Z,True
23487985331,PullRequestReviewCommentEvent,ausmoons,518116339,Hatthatteryhathat/LearningStuff-codelex,2022-08-17T15:23:27Z,True
23487985353,IssuesEvent,Gbislay,294616630,alexis-luna/codeigniter4-auth-and-user-management,2022-08-17T15:53:42Z,True
23487985271,PushEvent,vacseeker,348289466,vacseeker/vacseeker.github.io,2022-08-17T15:53:42Z,True
23487985289,PushEvent,EliOceanak,525468623,IOTJuly2022/Oniwaban-Frontend,2022-08-17T15:53:42Z,True
23487985292,WatchEvent,retarpt,7895941,scala-graph/scala-graph,2022-08-17T15:53:42Z,True
23487985343,WatchEvent,bellesea,496556366,hackclub/assemble,2022-08-17T15:53:42Z,True
23487985312,IssuesEvent,palamago,181560846,tesseract-olap/tesseract-ui,2022-08-17T15:53:42Z,True
23487985326,PullRequestReviewCommentEvent,ausmoons,518116339,Hatthatteryhathat/LearningStuff-codelex,2022-08-17T15:24:10Z,True
23487985276,PushEvent,Vlynn01,522104148,Vlynn01/Bai-tap-MD1,2022-08-17T15:53:42Z,True
23487985280,PushEvent,svilkata,513139142,svilkata/computer_store,2022-08-17T15:53:42Z,True
23487985281,PushEvent,restlessronin,523970273,restlessronin/lila-reports,2022-08-17T15:53:42Z,True
23487985272,PushEvent,markus-k,525129775,markus-k/go-echarger-api-rs,2022-08-17T15:53:42Z,True
23487985270,CreateEvent,lauretteisingizwe,525861309,lauretteisingizwe/new-wallet,2022-08-17T15:53:42Z,True
23487985293,PullRequestEvent,spdtf,477668666,spdtf/terraform,2022-08-17T15:53:42Z,True
23487985250,PullRequestReviewEvent,by-d-sign,47574295,cncf/toc,2022-08-17T15:53:42Z,True
23487985234,IssueCommentEvent,openshift-ci[bot],75224144,openshift/release,2022-08-17T15:53:42Z,True
23487985254,PushEvent,Gabe616,500139646,Gabe616/ObbyCreatorMusicList,2022-08-17T15:53:42Z,True
23487985231,IssueCommentEvent,palamago,181560846,tesseract-olap/tesseract-ui,2022-08-17T15:53:42Z,True
23487985242,PullRequestReviewEvent,ausmoons,518116339,Hatthatteryhathat/LearningStuff-codelex,2022-08-17T15:53:42Z,True
23487985209,PullRequestReviewCommentEvent,gautam071,125008594,ColoredCow/portal,2022-08-17T15:47:18Z,True
23487985185,IssueCommentEvent,jordanlewis-dngl,227561999,reapit/foundations,2022-08-17T15:53:42Z,True
23487985187,PullRequestReviewEvent,nchamo,396935505,Mean-Finance/dca-v2-core,2022-08-17T15:53:42Z,True
23487985213,PushEvent,petrosklg,34167510,transifex/openformats,2022-08-17T15:53:42Z,True
23487985184,PushEvent,KatGGS,390774959,KatGGS/KatGGS,2022-08-17T15:53:42Z,True
23487985178,PushEvent,bret99,414147614,bret99/vkontakte_scan,2022-08-17T15:53:42Z,True
23488007867,PushEvent,MemsourceTesting,514690004,MemsourceTesting/AS-e2e-api-tests,2022-08-17T15:54:45Z,True
23488007871,PushEvent,mshodge,488121371,mshodge/youshallnotpassport,2022-08-17T15:54:45Z,True
23488007894,PushEvent,Shadow1221a,525860679,Shadow1221a/Bugs,2022-08-17T15:54:45Z,True
23488007886,CreateEvent,Shikharcoder,525861128,Shikharcoder/C-123-Project,2022-08-17T15:54:45Z,True
23488007941,CreateEvent,bagantatiana,525861642,bagantatiana/bagantatiana,2022-08-17T15:54:45Z,True
23488007824,PushEvent,kunedev,525033894,kunedev/kune-discourse-basecomponent,2022-08-17T15:54:45Z,True
23488007819,PushEvent,rlwilliams34,413138123,rlwilliams34/google-research,2022-08-17T15:54:45Z,True
23488007807,PushEvent,github-actions[bot],416432811,udanielnogueira/udanielnogueira,2022-08-17T15:54:45Z,True
23488007835,PushEvent,simonkernel,520238237,kernel-community/goerli,2022-08-17T15:54:45Z,True
23488007809,PushEvent,JayaPolanki,525858098,JayaPolanki/frt-project,2022-08-17T15:54:45Z,True
23488007842,PushEvent,LombiqBot,410004573,Lombiq/TheResumeTheme,2022-08-17T15:54:45Z,True
23488007844,PushEvent,github-actions[bot],388772917,jekhuz/jekhuz,2022-08-17T15:54:45Z,True
23488007825,PushEvent,iamruveyda,332031783,iamruveyda/KBU-Logic,2022-08-17T15:54:45Z,True
23488007865,CreateEvent,drmingdrmer,400147654,drmingdrmer/openraft,2022-08-17T15:54:45Z,True
23488007821,PushEvent,khurtwilliams,288543809,khurtwilliams/microblog,2022-08-17T15:54:45Z,True
23488007797,PushEvent,spamalot22,525837168,spamalot22/serverless-instana-wrapper,2022-08-17T15:54:45Z,True
23488007810,PushEvent,Master-Stroke,523895419,Master-Stroke/Master-Stroke,2022-08-17T15:54:45Z,True
23488007799,CreateEvent,jaamanu,525861640,jaamanu/My-Personal-Professional-Portfolio,2022-08-17T15:54:45Z,True
23488007815,CreateEvent,Robdep818,525861639,Robdep818/First_Html_Page,2022-08-17T15:54:45Z,True
23488007748,PushEvent,Xnerro,525861259,Xnerro/money-manager-api,2022-08-17T15:54:45Z,True
23488007803,PushEvent,github-actions[bot],499932232,bj5nj7oh/bj5nj7oh,2022-08-17T15:54:45Z,True
23488007753,PushEvent,github-actions[bot],504997209,kherrick/soylent-news,2022-08-17T15:54:45Z,True
23488007776,PushEvent,DhavalContrivertech,520938759,Sagar-contrivertech/yo_testing,2022-08-17T15:54:45Z,True
23488007781,PushEvent,luceteeun,525851500,luceteeun/espoir,2022-08-17T15:54:45Z,True
23488007743,PushEvent,blackjid,69051421,platanus/send_grid_mailer,2022-08-17T15:54:45Z,True
23488007745,PushEvent,alexpassss,503306301,senseteq-io/senseteq-landing,2022-08-17T15:54:45Z,True
23488007751,PushEvent,tasuku43,525833130,tasuku43/php-mermaid-class-diagram,2022-08-17T15:54:45Z,True
23488007758,PushEvent,github-actions[bot],390310800,letphilippe3/grport,2022-08-17T15:54:45Z,True
23488007754,PushEvent,samirmarey848,525540976,samirmarey848/ping,2022-08-17T15:54:45Z,True
23488007738,PushEvent,igorbk202,512295715,igorbk202/Projeto-Git,2022-08-17T15:54:45Z,True
